<?xml version="1.0" encoding="UTF-8"?>
<beans:beans xmlns="http://www.springframework.org/schema/mvc"
	xmlns:xsi="http://www.w3.org/2001/XMLSchema-instance"
	xmlns:beans="http://www.springframework.org/schema/beans"
	xmlns:context="http://www.springframework.org/schema/context"
	xsi:schemaLocation="http://www.springframework.org/schema/mvc http://www.springframework.org/schema/mvc/spring-mvc.xsd
		http://www.springframework.org/schema/beans http://www.springframework.org/schema/beans/spring-beans.xsd
		http://www.springframework.org/schema/context http://www.springframework.org/schema/context/spring-context.xsd">

	<!-- DispatcherServlet Context: defines this servlet's request-processing infrastructure -->
	
	<!-- Enables the Spring MVC @Controller programming model -->
	<annotation-driven />

	<!-- Handles HTTP GET requests for /resources/** by efficiently serving up static resources in the ${webappRoot}/resources directory -->
	<resources mapping="/resources/**" location="/resources/" />

	<!-- Resolves views selected for rendering by @Controllers to .jsp resources in the /WEB-INF/views directory 
	<beans:bean class="org.springframework.web.servlet.view.InternalResourceViewResolver">
		<beans:property name="prefix" value="/WEB-INF/views/" />
		<beans:property name="suffix" value=".jsp" />
	</beans:bean> -->
	
	<context:component-scan base-package="com.project.stickynotes" />
	
	<beans:bean id="multipartResolver" class="org.springframework.web.multipart.commons.CommonsMultipartResolver" />
		<!-- <beans:property name="maxUploadSize" value="10000000" />
	</beans:bean> -->
	
	<beans:bean id="viewResolver" class="org.springframework.web.servlet.view.UrlBasedViewResolver" >  
        <beans:property name="viewClass">  
            <beans:value>   
                com.project.stickynotes.tiles.AutoTilesView<!-- org.springframework.web.servlet.view.tiles2.TilesView -->  
        </beans:value>  
        </beans:property>  
    </beans:bean>
	
	<beans:bean id="tilesConfigurer" class="org.springframework.web.servlet.view.tiles2.TilesConfigurer">  
        <beans:property name="definitions">  
            <beans:list>  
                <beans:value>/WEB-INF/tiles.xml</beans:value>  
            </beans:list>  
        </beans:property>  
    </beans:bean>
    
    <beans:bean id="sessionLocaleResolver" class="org.springframework.web.servlet.i18n.SessionLocaleResolver" />
    
    <beans:bean id="messageSource" class="org.springframework.context.support.ReloadableResourceBundleMessageSource">
	    <beans:property name="basename" value="classpath:label" />
	    <beans:property name="defaultEncoding" value="UTF-8"/>
	</beans:bean>
	
	<beans:bean id="localeResolver" class="org.springframework.web.servlet.i18n.CookieLocaleResolver">
	    <beans:property name="defaultLocale" value="en"/>
	</beans:bean>
	 
	<interceptors>
	<beans:bean id="localeChangeInterceptor" class="org.springframework.web.servlet.i18n.LocaleChangeInterceptor">
	    <beans:property name="paramName" value="sitelocale" />
	</beans:bean>
	</interceptors>
	
	<view-controller path="/" view-name="stickynotes"/>
	
</beans:beans>